0,0_223_red_finetune_000
1,0_223_red_finetune_001
2,0_223_red_finetune_003
3,0_223_red_finetune_004
4,0_223_red_finetune_005
5,0_223_red_finetune_006
6,0_223_red_finetune_007
7,0_223_red_finetune_008
8,0_223_red_finetune_009
9,0_223_red_finetune_010
10,0_223_red_finetune_011
11,0_223_red_finetune_012
12,0_227_pink_finetune_000
13,0_227_pink_finetune_001
14,0_227_pink_finetune_003
15,0_227_pink_finetune_004
16,0_227_pink_finetune_005
17,0_227_pink_finetune_006
18,0_227_pink_finetune_007
19,0_227_pink_finetune_008
20,0_229_nude_finetune_000
21,0_229_nude_finetune_001
22,0_229_nude_finetune_002
23,0_229_nude_finetune_004
24,0_229_nude_finetune_005
25,0_229_nude_finetune_006
26,0_230_orange_finetune_000
27,0_230_orange_finetune_001
28,0_230_orange_finetune_002
29,0_230_orange_finetune_003
30,0_230_orange_finetune_004
31,0_230_orange_finetune_005
32,0_230_orange_finetune_007
33,0_230_orange_finetune_008
34,0_230_orange_finetune_009
35,0_231_yellow_finetune_000
36,0_231_yellow_finetune_001
37,0_231_yellow_finetune_002
38,0_231_yellow_finetune_004
39,0_231_yellow_finetune_005
40,0_231_yellow_finetune_006
41,0_231_yellow_finetune_007
42,0_231_yellow_finetune_008
43,0_231_yellow_finetune_009
44,0_231_yellow_finetune_010
45,0_237_green_finetune_000
46,0_237_green_finetune_001
47,0_237_green_finetune_002
48,0_237_green_finetune_003
49,0_237_green_finetune_005
50,0_237_green_finetune_006
51,0_237_green_finetune_007
52,0_237_green_finetune_008
53,0_237_green_finetune_009
54,0_237_green_finetune_010
55,0_237_green_finetune_011
56,0_237_green_finetune_012
57,0_237_green_finetune_013
58,0_237_green_finetune_014
59,0_237_green_finetune_015
60,0_242_blue_finetune_000
61,0_242_blue_finetune_001
62,0_242_blue_finetune_002
63,0_242_blue_finetune_004
64,0_242_blue_finetune_005
65,0_242_blue_finetune_006
66,0_242_blue_finetune_007
67,0_242_blue_finetune_008
68,0_242_blue_finetune_009
69,0_242_blue_finetune_010
70,0_242_blue_finetune_011
71,0_242_blue_finetune_012
72,0_242_blue_finetune_013
73,0_242_blue_finetune_014
74,0_242_blue_finetune_015
75,0_242_blue_finetune_016
76,0_245_purple_finetune_000
77,0_245_purple_finetune_001
78,0_245_purple_finetune_002
79,0_245_purple_finetune_003
80,0_245_purple_finetune_005
81,0_245_purple_finetune_006
82,0_245_purple_finetune_007
83,0_245_purple_finetune_008
84,0_245_purple_finetune_009
85,0_245_purple_finetune_010
86,0_245_purple_finetune_011
87,0_245_purple_finetune_012
88,0_248_brown_finetune_000
89,0_248_brown_finetune_001
90,0_248_brown_finetune_002
91,0_248_brown_finetune_004
92,0_248_brown_finetune_005
93,0_248_brown_finetune_006
94,0_248_brown_finetune_007
95,0_248_brown_finetune_008
96,0_248_brown_finetune_009
97,0_248_brown_finetune_010
98,0_248_brown_finetune_011
99,0_248_brown_finetune_012
100,0_248_brown_finetune_013
101,0_248_brown_finetune_014
102,0_248_brown_finetune_015
103,0_248_brown_finetune_016
104,0_248_brown_finetune_017
105,0_248_brown_finetune_018
106,0_253_grey_finetune_000
107,0_253_grey_finetune_001
108,0_253_grey_finetune_002
109,0_253_grey_finetune_003
110,0_253_grey_finetune_004
111,0_253_grey_finetune_005
112,0_253_grey_finetune_007
113,0_253_grey_finetune_008
114,0_253_grey_finetune_009
115,0_254_black_finetune_001
116,0_254_black_finetune_002
117,0_254_black_finetune_003
118,0_255_white-cream_finetune_001
119,0_255_white-cream_finetune_002
120,0_255_white-cream_finetune_003
